Job Title,Company,Location,Link,Salary,Status,Post Date,Today Date
Data Science Intern,GoComet,"Bengaluru, Karnataka, India",https://in.linkedin.com/jobs/view/data-science-intern-at-gocomet-3737242254?refId=16T2IImnPncnUcHBKyRHJQ%3D%3D&trackingId=%2FL9eOR3WZ69GsjLtFe4lCw%3D%3D&position=1&pageNum=0&trk=public_jobs_jserp-result_search-card,Salary information is not available,Actively Hiring,2023-10-11,2023-10-22
Junior Data Scientist,Quadrant.io,India,https://in.linkedin.com/jobs/view/junior-data-scientist-at-quadrant-io-3730239161?refId=16T2IImnPncnUcHBKyRHJQ%3D%3D&trackingId=ojYmJpW9ZySl5oJ99p9P%2Fg%3D%3D&position=2&pageNum=0&trk=public_jobs_jserp-result_search-card,Salary information is not available,Actively Hiring,2023-09-13,2023-10-22
Data Science - Internship,Hypersonix Inc.,India,https://in.linkedin.com/jobs/view/data-science-internship-at-hypersonix-inc-3730240234?refId=16T2IImnPncnUcHBKyRHJQ%3D%3D&trackingId=iVDEVbSwyvMmjtsU5%2BTMzA%3D%3D&position=3&pageNum=0&trk=public_jobs_jserp-result_search-card,Salary information is not available,Not updated,2023-09-29,2023-10-22
AI/ML Engineer - Freshers (2023),Mindfire Solutions,"Bhubaneswar, Odisha, India",https://in.linkedin.com/jobs/view/ai-ml-engineer-freshers-2023-at-mindfire-solutions-3733151923?refId=16T2IImnPncnUcHBKyRHJQ%3D%3D&trackingId=uQMrPV4bs3pxGAGhAvn1Zw%3D%3D&position=4&pageNum=0&trk=public_jobs_jserp-result_search-card,Salary information is not available,Actively Hiring,2023-10-04,2023-10-22
Data Science,Changeleaders.in,"Chennai, Tamil Nadu, India",https://in.linkedin.com/jobs/view/data-science-at-changeleaders-in-3647287470?refId=16T2IImnPncnUcHBKyRHJQ%3D%3D&trackingId=A9g%2FZfS%2FPzbw5tAGkaogEQ%3D%3D&position=5&pageNum=0&trk=public_jobs_jserp-result_search-card,Salary information is not available,Actively Hiring,2023-06-29,2023-10-22
Junior Data Scientist - IIT/BITS,Whitetable.ai,"Bengaluru, Karnataka, India",https://in.linkedin.com/jobs/view/junior-data-scientist-iit-bits-at-whitetable-ai-3683112838?refId=16T2IImnPncnUcHBKyRHJQ%3D%3D&trackingId=0AbuX7gV51SvW1XgFonHww%3D%3D&position=6&pageNum=0&trk=public_jobs_jserp-result_search-card,Salary information is not available,Not updated,2023-08-05,2023-10-22
Data Analyst Intern,Jar,"Bengaluru, Karnataka, India",https://in.linkedin.com/jobs/view/data-analyst-intern-at-jar-3733017583?refId=16T2IImnPncnUcHBKyRHJQ%3D%3D&trackingId=KffNfoglML89nl%2BETSQQbA%3D%3D&position=7&pageNum=0&trk=public_jobs_jserp-result_search-card,Salary information is not available,Actively Hiring,2023-10-12,2023-10-22
Data Scientist,Jar,"Bengaluru, Karnataka, India",https://in.linkedin.com/jobs/view/data-scientist-at-jar-3713423060?refId=16T2IImnPncnUcHBKyRHJQ%3D%3D&trackingId=j%2BCAhgKUTRNHy%2B62mLBhuQ%3D%3D&position=8&pageNum=0&trk=public_jobs_jserp-result_search-card,Salary information is not available,Actively Hiring,2023-09-14,2023-10-22
Ambassador Internship in Multiple locations at Jodo,Jodo,"Ahmedabad, Gujarat, India",https://in.linkedin.com/jobs/view/ambassador-internship-in-multiple-locations-at-jodo-at-jodo-3741564151?refId=16T2IImnPncnUcHBKyRHJQ%3D%3D&trackingId=%2Bmni7sjOF4Rf5mXC4LNMxQ%3D%3D&position=9&pageNum=0&trk=public_jobs_jserp-result_search-card,Salary information is not available,Be an early applicant,2023-10-16,2023-10-22
Data Scientist,Obviously AI,"Bengaluru, Karnataka, India",https://in.linkedin.com/jobs/view/data-scientist-at-obviously-ai-3637770541?refId=16T2IImnPncnUcHBKyRHJQ%3D%3D&trackingId=JdjnAU2yygx%2FKvcivwtXYg%3D%3D&position=10&pageNum=0&trk=public_jobs_jserp-result_search-card,Salary information is not available,Not updated,2023-06-16,2023-10-22
KreditBee - Data Analyst - SQL/Python,KreditBee,"Bengaluru, Karnataka, India",https://in.linkedin.com/jobs/view/kreditbee-data-analyst-sql-python-at-kreditbee-3670599856?refId=16T2IImnPncnUcHBKyRHJQ%3D%3D&trackingId=vNKQx3Aqs%2FK4ePbaE6ZxEQ%3D%3D&position=11&pageNum=0&trk=public_jobs_jserp-result_search-card,Salary information is not available,Not updated,2023-07-22,2023-10-22
Data Scientist - Business Intelligence,"Dubai Jobs, Gulf Jobs, Jobs in Dubai, Qatar, Kuwait - Boyen Haddin & The Giant HR Consultant","Bangalore Urban, Karnataka, India",https://in.linkedin.com/jobs/view/data-scientist-business-intelligence-at-dubai-jobs-gulf-jobs-jobs-in-dubai-qatar-kuwait-boyen-haddin-the-giant-hr-consultant-3735027585?refId=16T2IImnPncnUcHBKyRHJQ%3D%3D&trackingId=sLrCfg2jtCHOByzRzXWlsQ%3D%3D&position=12&pageNum=0&trk=public_jobs_jserp-result_search-card,Salary information is not available,Not updated,2023-10-10,2023-10-22
"Product Analyst (Full Time, Remote)",Hike,"Delhi, India",https://in.linkedin.com/jobs/view/product-analyst-full-time-remote-at-hike-3718982675?refId=16T2IImnPncnUcHBKyRHJQ%3D%3D&trackingId=dZ5FSs8B2%2BLTQRjeB8rXXg%3D%3D&position=13&pageNum=0&trk=public_jobs_jserp-result_search-card,Salary information is not available,Not updated,2023-09-18,2023-10-22
AI/ML Data Scientist,Experfy,"Bengaluru, Karnataka, India",https://in.linkedin.com/jobs/view/ai-ml-data-scientist-at-experfy-3635925053?refId=16T2IImnPncnUcHBKyRHJQ%3D%3D&trackingId=buGLNJ8NpCpb5K7c%2BOkeZA%3D%3D&position=14&pageNum=0&trk=public_jobs_jserp-result_search-card,Salary information is not available,Not updated,2023-05-20,2023-10-22
Data Scientist,Avaloq,"Pune, Maharashtra, India",https://in.linkedin.com/jobs/view/data-scientist-at-avaloq-3735671032?refId=16T2IImnPncnUcHBKyRHJQ%3D%3D&trackingId=yLc%2BrExXI8QFdWKZftyRsg%3D%3D&position=15&pageNum=0&trk=public_jobs_jserp-result_search-card,Salary information is not available,Not updated,2023-10-11,2023-10-22
AI/ML,TRIARQ Health India,"Pune, Maharashtra, India",https://in.linkedin.com/jobs/view/ai-ml-at-triarq-health-india-3690531271?refId=16T2IImnPncnUcHBKyRHJQ%3D%3D&trackingId=NnYAu4phbpN0XYoiBBY65Q%3D%3D&position=16&pageNum=0&trk=public_jobs_jserp-result_search-card,Salary information is not available,Actively Hiring,2023-08-14,2023-10-22
Data Science,Acme Services,"Mumbai, Maharashtra, India",https://in.linkedin.com/jobs/view/data-science-at-acme-services-3667478765?refId=16T2IImnPncnUcHBKyRHJQ%3D%3D&trackingId=65oRWFZV8V7gWbt60ywNpw%3D%3D&position=17&pageNum=0&trk=public_jobs_jserp-result_search-card,Salary information is not available,Actively Hiring,2023-06-25,2023-10-22
Artificial Intelligence Role,"Dubai Jobs, Gulf Jobs, Jobs in Dubai, Qatar, Kuwait - Boyen Haddin & The Giant HR Consultant","Mumbai, Maharashtra, India",https://in.linkedin.com/jobs/view/artificial-intelligence-role-at-dubai-jobs-gulf-jobs-jobs-in-dubai-qatar-kuwait-boyen-haddin-the-giant-hr-consultant-3738246461?refId=16T2IImnPncnUcHBKyRHJQ%3D%3D&trackingId=9hsqgzFjm8VydonsmoeVLw%3D%3D&position=18&pageNum=0&trk=public_jobs_jserp-result_search-card,Salary information is not available,Be an early applicant,2023-10-13,2023-10-22
Data Scientist,Sago,"Gurugram, Haryana, India",https://in.linkedin.com/jobs/view/data-scientist-at-sago-3714818020?refId=16T2IImnPncnUcHBKyRHJQ%3D%3D&trackingId=aZZZlMiqnOq7DLLGEdsn4g%3D%3D&position=19&pageNum=0&trk=public_jobs_jserp-result_search-card,Salary information is not available,Not updated,2023-09-08,2023-10-22
Data Scientist - Business Intelligence,"Dubai Jobs, Gulf Jobs, Jobs in Dubai, Qatar, Kuwait - Boyen Haddin & The Giant HR Consultant",Pune/Pimpri-Chinchwad Area,https://in.linkedin.com/jobs/view/data-scientist-business-intelligence-at-dubai-jobs-gulf-jobs-jobs-in-dubai-qatar-kuwait-boyen-haddin-the-giant-hr-consultant-3687044337?refId=16T2IImnPncnUcHBKyRHJQ%3D%3D&trackingId=ycvG4OOrNmgW8IxNzv2DUA%3D%3D&position=20&pageNum=0&trk=public_jobs_jserp-result_search-card,Salary information is not available,Not updated,2023-08-08,2023-10-22
Data Science,Changeleaders.in,"Bangalore Urban, Karnataka, India",https://in.linkedin.com/jobs/view/data-science-at-changeleaders-in-3717929922?refId=16T2IImnPncnUcHBKyRHJQ%3D%3D&trackingId=jFphfxF5eyp7IlT6pjdO5w%3D%3D&position=21&pageNum=0&trk=public_jobs_jserp-result_search-card,Salary information is not available,Actively Hiring,2023-09-16,2023-10-22
Data Analyst Intern,Whatfix,"Bengaluru, Karnataka, India",https://in.linkedin.com/jobs/view/data-analyst-intern-at-whatfix-3741947560?refId=16T2IImnPncnUcHBKyRHJQ%3D%3D&trackingId=1iV%2FwjO0ZKu66ZbgcPNogg%3D%3D&position=22&pageNum=0&trk=public_jobs_jserp-result_search-card,Salary information is not available,Actively Hiring,2023-10-17,2023-10-22
Manufacturing Operations Specialist,PwC India,"Kolkata, West Bengal, India",https://in.linkedin.com/jobs/view/manufacturing-operations-specialist-at-pwc-india-3738186567?refId=16T2IImnPncnUcHBKyRHJQ%3D%3D&trackingId=uheEf42OtPjLuvfUCM8Jrg%3D%3D&position=23&pageNum=0&trk=public_jobs_jserp-result_search-card,Salary information is not available,Actively Hiring,2023-10-18,2023-10-22
Data Scientist - Python/Machine Learning,CavinKare,"Chennai, Tamil Nadu, India",https://in.linkedin.com/jobs/view/data-scientist-python-machine-learning-at-cavinkare-3728464442?refId=16T2IImnPncnUcHBKyRHJQ%3D%3D&trackingId=Sd%2FA0zwvSeg%2FX2THhzrJBg%3D%3D&position=24&pageNum=0&trk=public_jobs_jserp-result_search-card,Salary information is not available,Not updated,2023-10-04,2023-10-22
Data Scientist,ReNew,"Gurugram, Haryana, India",https://in.linkedin.com/jobs/view/data-scientist-at-renew-3729784685?refId=16T2IImnPncnUcHBKyRHJQ%3D%3D&trackingId=mh7NNUS%2B3Nn%2BASCMpAjAKg%3D%3D&position=25&pageNum=0&trk=public_jobs_jserp-result_search-card,Salary information is not available,Actively Hiring,2023-10-07,2023-10-22
Artificial Intelligence Engineer - Machine Learning/python/r,"Dubai Jobs, Gulf Jobs, Jobs in Dubai, Qatar, Kuwait - Boyen Haddin & The Giant HR Consultant",Mumbai Metropolitan Region,https://in.linkedin.com/jobs/view/artificial-intelligence-engineer-machine-learning-python-r-at-dubai-jobs-gulf-jobs-jobs-in-dubai-qatar-kuwait-boyen-haddin-the-giant-hr-consultant-3687650054?refId=P4l27Uup3V3bjPmmLrb3VQ%3D%3D&trackingId=6prFB4tgSdOWCGleTHtxbg%3D%3D&position=1&pageNum=1&trk=public_jobs_jserp-result_search-card,Salary information is not available,Not updated,2023-08-09,2023-10-22
Artificial Intelligence Engineer - Machine Learning/python/r,"Dubai Jobs, Gulf Jobs, Jobs in Dubai, Qatar, Kuwait - Boyen Haddin & The Giant HR Consultant","Bangalore Urban, Karnataka, India",https://in.linkedin.com/jobs/view/artificial-intelligence-engineer-machine-learning-python-r-at-dubai-jobs-gulf-jobs-jobs-in-dubai-qatar-kuwait-boyen-haddin-the-giant-hr-consultant-3735019923?refId=P4l27Uup3V3bjPmmLrb3VQ%3D%3D&trackingId=KR9eLTp4zoCrBxQXgCCYig%3D%3D&position=2&pageNum=1&trk=public_jobs_jserp-result_search-card,Salary information is not available,Not updated,2023-10-10,2023-10-22
Data Scientist,"Dubai Jobs, Gulf Jobs, Jobs in Dubai, Qatar, Kuwait - Boyen Haddin & The Giant HR Consultant","Bangalore Urban, Karnataka, India",https://in.linkedin.com/jobs/view/data-scientist-at-dubai-jobs-gulf-jobs-jobs-in-dubai-qatar-kuwait-boyen-haddin-the-giant-hr-consultant-3732897053?refId=P4l27Uup3V3bjPmmLrb3VQ%3D%3D&trackingId=0Q5UdSRTGP92xJJ5WRnMIg%3D%3D&position=3&pageNum=1&trk=public_jobs_jserp-result_search-card,Salary information is not available,Not updated,2023-10-05,2023-10-22
Data Scientist,GeoIQ,"Bengaluru, Karnataka, India",https://in.linkedin.com/jobs/view/data-scientist-at-geoiq-3734985927?refId=P4l27Uup3V3bjPmmLrb3VQ%3D%3D&trackingId=XNvpJnn9T7hBqsbX77UtXw%3D%3D&position=4&pageNum=1&trk=public_jobs_jserp-result_search-card,Salary information is not available,Not updated,2023-10-14,2023-10-22
Data Scientist,Multi Recruit,"Bengaluru, Karnataka, India",https://in.linkedin.com/jobs/view/data-scientist-at-multi-recruit-3710607580?refId=P4l27Uup3V3bjPmmLrb3VQ%3D%3D&trackingId=ynh0qZw1JZB0sw6pn2D7QA%3D%3D&position=5&pageNum=1&trk=public_jobs_jserp-result_search-card,Salary information is not available,Not updated,2023-09-05,2023-10-22
Data Scientists,Upwork,"New Delhi, Delhi, India",https://in.linkedin.com/jobs/view/data-scientists-at-upwork-3705753233?refId=P4l27Uup3V3bjPmmLrb3VQ%3D%3D&trackingId=FstjrgsEHaV9AczpyH8rMQ%3D%3D&position=6&pageNum=1&trk=public_jobs_jserp-result_search-card,Salary information is not available,Actively Hiring,2023-09-06,2023-10-22
Data Scientist (India),1840 & Company,India,https://in.linkedin.com/jobs/view/data-scientist-india-at-1840-company-3732061376?refId=P4l27Uup3V3bjPmmLrb3VQ%3D%3D&trackingId=VbxdQ9%2B4qM%2BQUUWkwtGH%2Fw%3D%3D&position=7&pageNum=1&trk=public_jobs_jserp-result_search-card,Salary information is not available,Not updated,2023-10-11,2023-10-22
RBM,"Dubai Jobs, Gulf Jobs, Jobs in Dubai, Qatar, Kuwait - Boyen Haddin & The Giant HR Consultant","Bangalore Urban, Karnataka, India",https://in.linkedin.com/jobs/view/rbm-at-dubai-jobs-gulf-jobs-jobs-in-dubai-qatar-kuwait-boyen-haddin-the-giant-hr-consultant-3702302263?refId=P4l27Uup3V3bjPmmLrb3VQ%3D%3D&trackingId=%2BlHto9I0F3gnctlnD4t7MQ%3D%3D&position=8&pageNum=1&trk=public_jobs_jserp-result_search-card,Salary information is not available,Not updated,2023-08-28,2023-10-22
Data Scientist,GreenTree Advisory Services Pvt Ltd,"Bangalore Urban, Karnataka, India",https://in.linkedin.com/jobs/view/data-scientist-at-greentree-advisory-services-pvt-ltd-3743271104?refId=P4l27Uup3V3bjPmmLrb3VQ%3D%3D&trackingId=HFn9nSUgZH%2BtoBG3%2B18eug%3D%3D&position=9&pageNum=1&trk=public_jobs_jserp-result_search-card,Salary information is not available,Actively Hiring,2023-10-20,2023-10-22
"DATA ANALYST (SQL,Python, Aws)",Coforge,"Bengaluru, Karnataka, India",https://in.linkedin.com/jobs/view/data-analyst-sql-python-aws-at-coforge-3743390893?refId=P4l27Uup3V3bjPmmLrb3VQ%3D%3D&trackingId=r919N9Bh%2BSXvkp6I1TMzWQ%3D%3D&position=10&pageNum=1&trk=public_jobs_jserp-result_search-card,Salary information is not available,Actively Hiring,2023-10-19,2023-10-22
Data Scientist,Multi Recruit,"Bengaluru, Karnataka, India",https://in.linkedin.com/jobs/view/data-scientist-at-multi-recruit-3738785505?refId=P4l27Uup3V3bjPmmLrb3VQ%3D%3D&trackingId=Uf9ZxVI6BQquv%2Bbhm7qp1A%3D%3D&position=11&pageNum=1&trk=public_jobs_jserp-result_search-card,Salary information is not available,Not updated,2023-10-14,2023-10-22
Data Scientist,ShyftLabs,"Hyderabad, Telangana, India",https://in.linkedin.com/jobs/view/data-scientist-at-shyftlabs-3715263173?refId=P4l27Uup3V3bjPmmLrb3VQ%3D%3D&trackingId=jzJOxdJMpJ90AkeCgmkLRQ%3D%3D&position=12&pageNum=1&trk=public_jobs_jserp-result_search-card,Salary information is not available,Actively Hiring,2023-09-16,2023-10-22
Jr. Python Developer,Sony India Software Centre,"Bengaluru, Karnataka, India",https://in.linkedin.com/jobs/view/jr-python-developer-at-sony-india-software-centre-3643235677?refId=P4l27Uup3V3bjPmmLrb3VQ%3D%3D&trackingId=sdPvOaDmL2Rr8mDn%2B1zROw%3D%3D&position=13&pageNum=1&trk=public_jobs_jserp-result_search-card,Salary information is not available,Actively Hiring,2023-06-12,2023-10-22
AI / ML Engineer,HighPoints Technologies India (P) Ltd,"Bengaluru, Karnataka, India",https://in.linkedin.com/jobs/view/ai-ml-engineer-at-highpoints-technologies-india-p-ltd-3732282407?refId=P4l27Uup3V3bjPmmLrb3VQ%3D%3D&trackingId=%2FFmX3xDltSf8hi50cnB6eQ%3D%3D&position=14&pageNum=1&trk=public_jobs_jserp-result_search-card,Salary information is not available,Not updated,2023-10-04,2023-10-22
Data Scientist,Cendyn,"Gurgaon, Haryana, India",https://in.linkedin.com/jobs/view/data-scientist-at-cendyn-3690545791?refId=P4l27Uup3V3bjPmmLrb3VQ%3D%3D&trackingId=lmxcV%2FKy8UtwSWfVa5UOEQ%3D%3D&position=15&pageNum=1&trk=public_jobs_jserp-result_search-card,Salary information is not available,Not updated,2023-08-11,2023-10-22
R&D Associate - Process Development,Unilever,"Mumbai, Maharashtra, India",https://in.linkedin.com/jobs/view/r-d-associate-process-development-at-unilever-3737635704?refId=P4l27Uup3V3bjPmmLrb3VQ%3D%3D&trackingId=qA9gzILjcA8RIhOHfaZ4Hw%3D%3D&position=16&pageNum=1&trk=public_jobs_jserp-result_search-card,Salary information is not available,Actively Hiring,2023-10-13,2023-10-22
Junior Data Analyst,IntouchCX,"Hyderabad, Telangana, India",https://in.linkedin.com/jobs/view/junior-data-analyst-at-intouchcx-3729292176?refId=P4l27Uup3V3bjPmmLrb3VQ%3D%3D&trackingId=9oVqZN7a1wjZM2SfWAWdBQ%3D%3D&position=17&pageNum=1&trk=public_jobs_jserp-result_search-card,Salary information is not available,Not updated,2023-09-04,2023-10-22
"100% Remote - (Data Science in Time series forecasting, Optimization)",Cube Hub Inc.,"Bengaluru, Karnataka, India",https://in.linkedin.com/jobs/view/100%25-remote-data-science-in-time-series-forecasting-optimization-at-cube-hub-inc-3649431685?refId=P4l27Uup3V3bjPmmLrb3VQ%3D%3D&trackingId=bOwy1iIA1SZol9Sch0fzIg%3D%3D&position=18&pageNum=1&trk=public_jobs_jserp-result_search-card,Salary information is not available,Actively Hiring,2023-06-30,2023-10-22
Data Scientist,"Dubai Jobs, Gulf Jobs, Jobs in Dubai, Qatar, Kuwait - Boyen Haddin & The Giant HR Consultant","Bangalore Urban, Karnataka, India",https://in.linkedin.com/jobs/view/data-scientist-at-dubai-jobs-gulf-jobs-jobs-in-dubai-qatar-kuwait-boyen-haddin-the-giant-hr-consultant-3732892479?refId=P4l27Uup3V3bjPmmLrb3VQ%3D%3D&trackingId=LkW8qQETXV7VMtCs%2FBxIWg%3D%3D&position=19&pageNum=1&trk=public_jobs_jserp-result_search-card,Salary information is not available,Not updated,2023-10-05,2023-10-22
Applied Research Scientist Intern,NeuralSpace,"Bengaluru, Karnataka, India",https://in.linkedin.com/jobs/view/applied-research-scientist-intern-at-neuralspace-3675902296?refId=P4l27Uup3V3bjPmmLrb3VQ%3D%3D&trackingId=qgtIq2FbCOkVsMcGu7Gasg%3D%3D&position=20&pageNum=1&trk=public_jobs_jserp-result_search-card,Salary information is not available,Not updated,2023-07-25,2023-10-22
Data Analytics,IndiGo (InterGlobe Aviation Ltd),"Gurgaon, Haryana, India",https://in.linkedin.com/jobs/view/data-analytics-at-indigo-interglobe-aviation-ltd-3741133405?refId=P4l27Uup3V3bjPmmLrb3VQ%3D%3D&trackingId=D6ntFW85zgXLBBdVnWuYbQ%3D%3D&position=21&pageNum=1&trk=public_jobs_jserp-result_search-card,Salary information is not available,Actively Hiring,2023-10-17,2023-10-22
Senior Data Scientist,Epsilon India,"Bengaluru, Karnataka, India",https://in.linkedin.com/jobs/view/senior-data-scientist-at-epsilon-india-3744504566?refId=P4l27Uup3V3bjPmmLrb3VQ%3D%3D&trackingId=R8RO1dDEOIcU2g3bfgAj1g%3D%3D&position=22&pageNum=1&trk=public_jobs_jserp-result_search-card,Salary information is not available,Actively Hiring,2023-10-20,2023-10-22
Data Scientist,Curl,"Bengaluru, Karnataka, India",https://in.linkedin.com/jobs/view/data-scientist-at-curl-3729070799?refId=P4l27Uup3V3bjPmmLrb3VQ%3D%3D&trackingId=COtPuBAmak%2BY%2FscEOPy6wQ%3D%3D&position=23&pageNum=1&trk=public_jobs_jserp-result_search-card,Salary information is not available,Actively Hiring,2023-10-05,2023-10-22
Teaching Assistant- Data Science,Testbook,"Navi Mumbai, Maharashtra, India",https://in.linkedin.com/jobs/view/teaching-assistant-data-science-at-testbook-3648878459?refId=P4l27Uup3V3bjPmmLrb3VQ%3D%3D&trackingId=phQ3lU5m2WRxgEsfm0RXLw%3D%3D&position=24&pageNum=1&trk=public_jobs_jserp-result_search-card,Salary information is not available,Actively Hiring,2023-06-02,2023-10-22
Data Scientist,RipplesIndia Group,"Kochi, Kerala, India",https://in.linkedin.com/jobs/view/data-scientist-at-ripplesindia-group-3646609907?refId=P4l27Uup3V3bjPmmLrb3VQ%3D%3D&trackingId=ELbDsJlKmpOmsxZEj67h2Q%3D%3D&position=25&pageNum=1&trk=public_jobs_jserp-result_search-card,Salary information is not available,Actively Hiring,2023-06-28,2023-10-22
Data Scientist,Changeleaders.in,"Bangalore Urban, Karnataka, India",https://in.linkedin.com/jobs/view/data-scientist-at-changeleaders-in-3744056660?refId=BvSqdCwhoXdilKpyMfSV8Q%3D%3D&trackingId=xPWLmq8WUdgRiZHadompKQ%3D%3D&position=1&pageNum=2&trk=public_jobs_jserp-result_search-card,Salary information is not available,Actively Hiring,2023-10-21,2023-10-22
Data Scientist,eCapital Commercial Finance UK,"Prayagraj, Uttar Pradesh, India",https://in.linkedin.com/jobs/view/data-scientist-at-ecapital-commercial-finance-uk-3744188341?refId=BvSqdCwhoXdilKpyMfSV8Q%3D%3D&trackingId=szl914dzI9HvrPOkSYvayw%3D%3D&position=2&pageNum=2&trk=public_jobs_jserp-result_search-card,Salary information is not available,Not updated,2023-10-19,2023-10-22
AI ML Engineer,Fulcrum Digital Inc,"Pune, Maharashtra, India",https://in.linkedin.com/jobs/view/ai-ml-engineer-at-fulcrum-digital-inc-3741731361?refId=BvSqdCwhoXdilKpyMfSV8Q%3D%3D&trackingId=fdqDRbsCJKxnWvV%2FG3oVCg%3D%3D&position=3&pageNum=2&trk=public_jobs_jserp-result_search-card,Salary information is not available,Actively Hiring,2023-10-17,2023-10-22
Interesting Job Opportunity: Emerging India Analytics - Data Science Trainee - Python/SQL,Emerging India Analytics,"Noida, Uttar Pradesh, India",https://in.linkedin.com/jobs/view/interesting-job-opportunity-emerging-india-analytics-data-science-trainee-python-sql-at-emerging-india-analytics-3735506572?refId=BvSqdCwhoXdilKpyMfSV8Q%3D%3D&trackingId=cVgaglzJEOpTcnXwrWYkHQ%3D%3D&position=4&pageNum=2&trk=public_jobs_jserp-result_search-card,Salary information is not available,Actively Hiring,2023-10-14,2023-10-22
Junior Data Scientist,HealthPlix,"Bengaluru, Karnataka, India",https://in.linkedin.com/jobs/view/junior-data-scientist-at-healthplix-3700653901?refId=BvSqdCwhoXdilKpyMfSV8Q%3D%3D&trackingId=qWXCO%2F1%2FPKop%2FDwKm3cnkw%3D%3D&position=5&pageNum=2&trk=public_jobs_jserp-result_search-card,Salary information is not available,Actively Hiring,2023-08-30,2023-10-22
Data Scientist - Remote (Pune),Aryng,"Pune, Maharashtra, India",https://in.linkedin.com/jobs/view/data-scientist-remote-pune-at-aryng-3716935418?refId=BvSqdCwhoXdilKpyMfSV8Q%3D%3D&trackingId=ue3Ev0ZXocQn8CQO8zqvww%3D%3D&position=6&pageNum=2&trk=public_jobs_jserp-result_search-card,Salary information is not available,Not updated,2023-08-25,2023-10-22
Data Scientist - Remote (Bangalore),Aryng,"Bengaluru, Karnataka, India",https://in.linkedin.com/jobs/view/data-scientist-remote-bangalore-at-aryng-3744790392?refId=BvSqdCwhoXdilKpyMfSV8Q%3D%3D&trackingId=ZYD%2BgJBVjjj%2BDRagvtz1AQ%3D%3D&position=7&pageNum=2&trk=public_jobs_jserp-result_search-card,Salary information is not available,Not updated,2023-09-25,2023-10-22
AI and ML Engineer,INSTATALENT RECRUIT LLP,"Bengaluru, Karnataka, India",https://in.linkedin.com/jobs/view/ai-and-ml-engineer-at-instatalent-recruit-llp-3728887436?refId=BvSqdCwhoXdilKpyMfSV8Q%3D%3D&trackingId=8W6H1tzbLQzEQI2%2B8q791g%3D%3D&position=8&pageNum=2&trk=public_jobs_jserp-result_search-card,Salary information is not available,Not updated,2023-09-29,2023-10-22
ML Engineer,Changeleaders.in,"Hyderabad, Telangana, India",https://in.linkedin.com/jobs/view/ml-engineer-at-changeleaders-in-3673666936?refId=BvSqdCwhoXdilKpyMfSV8Q%3D%3D&trackingId=j45q5aLCxRCQ7BlqjOIz2A%3D%3D&position=9&pageNum=2&trk=public_jobs_jserp-result_search-card,Salary information is not available,Actively Hiring,2023-07-24,2023-10-22
Python ML and Data Mining Developer,Victrix Systems & Labs,"Pune, Maharashtra, India",https://in.linkedin.com/jobs/view/python-ml-and-data-mining-developer-at-victrix-systems-labs-3682596528?refId=BvSqdCwhoXdilKpyMfSV8Q%3D%3D&trackingId=YTM47Q8NzxnLg9JmdZ6MSw%3D%3D&position=10&pageNum=2&trk=public_jobs_jserp-result_search-card,Salary information is not available,Actively Hiring,2023-07-24,2023-10-22
Data Scientist,IDP Education Ltd,"Chennai, Tamil Nadu, India",https://in.linkedin.com/jobs/view/data-scientist-at-idp-education-ltd-3661436901?refId=BvSqdCwhoXdilKpyMfSV8Q%3D%3D&trackingId=f1nhoHo6MO6TrTtow2YSHg%3D%3D&position=11&pageNum=2&trk=public_jobs_jserp-result_search-card,Salary information is not available,Actively Hiring,2023-07-12,2023-10-22
Interesting Job Opportunity: Data Scientist - Python/SQL,Awign,Greater Kolkata Area,https://in.linkedin.com/jobs/view/interesting-job-opportunity-data-scientist-python-sql-at-awign-3714349080?refId=BvSqdCwhoXdilKpyMfSV8Q%3D%3D&trackingId=zp4B50%2Bow%2FRLvtn%2BvnTNEw%3D%3D&position=12&pageNum=2&trk=public_jobs_jserp-result_search-card,Salary information is not available,Actively Hiring,2023-09-15,2023-10-22
Artificial Intelligence (AI) work from home job/internship at DataToBiz,DataToBiz,India,https://in.linkedin.com/jobs/view/artificial-intelligence-ai-work-from-home-job-internship-at-datatobiz-at-datatobiz-3737569109?refId=BvSqdCwhoXdilKpyMfSV8Q%3D%3D&trackingId=dZKj4oq6JdAgRLBJ2fiVgw%3D%3D&position=13&pageNum=2&trk=public_jobs_jserp-result_search-card,Salary information is not available,Actively Hiring,2023-10-11,2023-10-22
ML Engineer,"Dubai Jobs, Gulf Jobs, Jobs in Dubai, Qatar, Kuwait - Boyen Haddin & The Giant HR Consultant","Bangalore Urban, Karnataka, India",https://in.linkedin.com/jobs/view/ml-engineer-at-dubai-jobs-gulf-jobs-jobs-in-dubai-qatar-kuwait-boyen-haddin-the-giant-hr-consultant-3732896061?refId=BvSqdCwhoXdilKpyMfSV8Q%3D%3D&trackingId=C1mXtl2Zv%2FW%2BbiVbCpDaaw%3D%3D&position=14&pageNum=2&trk=public_jobs_jserp-result_search-card,Salary information is not available,Not updated,2023-10-05,2023-10-22
Research Analysis part time job/internship at Gurgaon in Hindustan Times Media Limited,HT Media Group,"Gurgaon, Haryana, India",https://in.linkedin.com/jobs/view/research-analysis-part-time-job-internship-at-gurgaon-in-hindustan-times-media-limited-at-ht-media-group-3741559585?refId=BvSqdCwhoXdilKpyMfSV8Q%3D%3D&trackingId=F%2BMqPbpdN3zHCidwV49KyQ%3D%3D&position=15&pageNum=2&trk=public_jobs_jserp-result_search-card,Salary information is not available,Actively Hiring,2023-10-16,2023-10-22
Data Scientist,Trexquant Investment LP,"Gurgaon, Haryana, India",https://in.linkedin.com/jobs/view/data-scientist-at-trexquant-investment-lp-3715228611?refId=BvSqdCwhoXdilKpyMfSV8Q%3D%3D&trackingId=tIOWv02Ky0yVlz1ASAwxEQ%3D%3D&position=16&pageNum=2&trk=public_jobs_jserp-result_search-card,Salary information is not available,Not updated,2023-09-16,2023-10-22
Data Scientist,IQuest Solutions Corporation,"Hyderabad, Telangana, India",https://in.linkedin.com/jobs/view/data-scientist-at-iquest-solutions-corporation-3723094732?refId=BvSqdCwhoXdilKpyMfSV8Q%3D%3D&trackingId=Z1Hn5KAAuP8IPKlqDnga2g%3D%3D&position=17&pageNum=2&trk=public_jobs_jserp-result_search-card,Salary information is not available,Actively Hiring,2023-09-20,2023-10-22
Data Scientist,WinZO,"Delhi Cantonment, Delhi, India",https://in.linkedin.com/jobs/view/data-scientist-at-winzo-3646951005?refId=BvSqdCwhoXdilKpyMfSV8Q%3D%3D&trackingId=qvW%2BLjbhhCp1siDwU0L6Ww%3D%3D&position=18&pageNum=2&trk=public_jobs_jserp-result_search-card,Salary information is not available,Actively Hiring,2023-06-01,2023-10-22
Hindi Content Writing work from home job/internship at Aam Aadmi Party,Aam Aadmi Party,India,https://in.linkedin.com/jobs/view/hindi-content-writing-work-from-home-job-internship-at-aam-aadmi-party-at-aam-aadmi-party-3736945397?refId=BvSqdCwhoXdilKpyMfSV8Q%3D%3D&trackingId=2PuIoIAqlsZTOHSwWjHxjQ%3D%3D&position=19&pageNum=2&trk=public_jobs_jserp-result_search-card,Salary information is not available,Not updated,2023-10-10,2023-10-22
AI/ML Engineer,"Dubai Jobs, Gulf Jobs, Jobs in Dubai, Qatar, Kuwait - Boyen Haddin & The Giant HR Consultant","Bangalore Urban, Karnataka, India",https://in.linkedin.com/jobs/view/ai-ml-engineer-at-dubai-jobs-gulf-jobs-jobs-in-dubai-qatar-kuwait-boyen-haddin-the-giant-hr-consultant-3714620219?refId=BvSqdCwhoXdilKpyMfSV8Q%3D%3D&trackingId=hvkZkU%2FlelNA2ryKzZdXxQ%3D%3D&position=20&pageNum=2&trk=public_jobs_jserp-result_search-card,Salary information is not available,Not updated,2023-09-12,2023-10-22
Associate - Program Management,Myntra,"Bengaluru, Karnataka, India",https://in.linkedin.com/jobs/view/associate-program-management-at-myntra-3700646631?refId=BvSqdCwhoXdilKpyMfSV8Q%3D%3D&trackingId=abnIekKPce9JGWOXfmhV7A%3D%3D&position=21&pageNum=2&trk=public_jobs_jserp-result_search-card,Salary information is not available,Actively Hiring,2023-10-19,2023-10-22
Aspirant - Data Science & AI,Busigence,"Bengaluru North, Karnataka, India",https://in.linkedin.com/jobs/view/aspirant-data-science-ai-at-busigence-3627619873?refId=BvSqdCwhoXdilKpyMfSV8Q%3D%3D&trackingId=Hd0ZDTs6cTEUfw8Ri%2FTzsA%3D%3D&position=22&pageNum=2&trk=public_jobs_jserp-result_search-card,"₹300,000-₹900,000",Not updated,2023-06-06,2023-10-22
Interesting Job Opportunity: EdiQue - Academician,EdiQue,"Noida, Uttar Pradesh, India",https://in.linkedin.com/jobs/view/interesting-job-opportunity-edique-academician-at-edique-3699012306?refId=BvSqdCwhoXdilKpyMfSV8Q%3D%3D&trackingId=8ftuOQ9VITUUBxEnS7uvYw%3D%3D&position=23&pageNum=2&trk=public_jobs_jserp-result_search-card,Salary information is not available,Be an early applicant,2023-08-23,2023-10-22
Data Scientist,IdeaBoard,"Bengaluru North, Karnataka, India",https://in.linkedin.com/jobs/view/data-scientist-at-ideaboard-3656701039?refId=BvSqdCwhoXdilKpyMfSV8Q%3D%3D&trackingId=%2BXTc3fDqDwhjrDV4ZYL9tg%3D%3D&position=24&pageNum=2&trk=public_jobs_jserp-result_search-card,"₹1,000,000-₹2,200,000",Not updated,2023-06-12,2023-10-22
Data Analyst,Snapmint,"Mumbai, Maharashtra, India",https://in.linkedin.com/jobs/view/data-analyst-at-snapmint-3690715341?refId=BvSqdCwhoXdilKpyMfSV8Q%3D%3D&trackingId=F7ddLSDy%2FAkakdkcXV2tCA%3D%3D&position=25&pageNum=2&trk=public_jobs_jserp-result_search-card,Salary information is not available,Actively Hiring,2023-08-18,2023-10-22
Data Scientist - Consultant,Cortex Consultants LLC,"Bangalore Urban, Karnataka, India",https://in.linkedin.com/jobs/view/data-scientist-consultant-at-cortex-consultants-llc-3621561679?refId=L87gf78HgG83WSHk6Ar2rg%3D%3D&trackingId=HiyywQdRvnlkOpK7xVo5Xw%3D%3D&position=1&pageNum=3&trk=public_jobs_jserp-result_search-card,Salary information is not available,Actively Hiring,2023-05-31,2023-10-22
Data Scientist,Acme Services,"Bengaluru, Karnataka, India",https://in.linkedin.com/jobs/view/data-scientist-at-acme-services-3729946645?refId=L87gf78HgG83WSHk6Ar2rg%3D%3D&trackingId=pBCuFoHDgl%2BsKs4KWcd1qA%3D%3D&position=2&pageNum=3&trk=public_jobs_jserp-result_search-card,Salary information is not available,Actively Hiring,2023-09-05,2023-10-22
ML Researcher,"Dubai Jobs, Gulf Jobs, Jobs in Dubai, Qatar, Kuwait - Boyen Haddin & The Giant HR Consultant","Bangalore Urban, Karnataka, India",https://in.linkedin.com/jobs/view/ml-researcher-at-dubai-jobs-gulf-jobs-jobs-in-dubai-qatar-kuwait-boyen-haddin-the-giant-hr-consultant-3732893713?refId=L87gf78HgG83WSHk6Ar2rg%3D%3D&trackingId=RWX6AkbRc6seqMCDKQQ3JA%3D%3D&position=3&pageNum=3&trk=public_jobs_jserp-result_search-card,Salary information is not available,Not updated,2023-10-05,2023-10-22
Trainee Engineer - Project Monitoring and Construction,SgurrEnergy,"Pune, Maharashtra, India",https://in.linkedin.com/jobs/view/trainee-engineer-project-monitoring-and-construction-at-sgurrenergy-3742992030?refId=L87gf78HgG83WSHk6Ar2rg%3D%3D&trackingId=FarYiddT5w1J2VF0pgIlog%3D%3D&position=4&pageNum=3&trk=public_jobs_jserp-result_search-card,Salary information is not available,Not updated,2023-10-18,2023-10-22
Data Scientist - Remote (Hyderabad),Aryng,"Hyderabad, Telangana, India",https://in.linkedin.com/jobs/view/data-scientist-remote-hyderabad-at-aryng-3744791267?refId=L87gf78HgG83WSHk6Ar2rg%3D%3D&trackingId=c4%2FMihxwZ2sVFilO1tMw6g%3D%3D&position=5&pageNum=3&trk=public_jobs_jserp-result_search-card,Salary information is not available,Not updated,2023-09-25,2023-10-22
Machine Learning data scientist,S2Integrators,India,https://in.linkedin.com/jobs/view/machine-learning-data-scientist-at-s2integrators-3678945278?refId=L87gf78HgG83WSHk6Ar2rg%3D%3D&trackingId=XyN0xyVtSoPkoIpH8mNOcw%3D%3D&position=6&pageNum=3&trk=public_jobs_jserp-result_search-card,Salary information is not available,Actively Hiring,2023-07-31,2023-10-22
Machine Learning Internship in Noida at MindMap Consulting,MindMap Consulting,"Noida, Uttar Pradesh, India",https://in.linkedin.com/jobs/view/machine-learning-internship-in-noida-at-mindmap-consulting-at-mindmap-consulting-3736950201?refId=L87gf78HgG83WSHk6Ar2rg%3D%3D&trackingId=74TStcR4Z2rPrMecSu0Dcw%3D%3D&position=7&pageNum=3&trk=public_jobs_jserp-result_search-card,Salary information is not available,Actively Hiring,2023-10-10,2023-10-22
Order and Allocation analyst,Anko,"Bengaluru, Karnataka, India",https://in.linkedin.com/jobs/view/order-and-allocation-analyst-at-anko-3739798920?refId=L87gf78HgG83WSHk6Ar2rg%3D%3D&trackingId=zrj3kEF3pJ7oiazB8IraIA%3D%3D&position=8&pageNum=3&trk=public_jobs_jserp-result_search-card,Salary information is not available,Actively Hiring,2023-10-16,2023-10-22
Business Analytics Trainee,izmo ltd,"Bangalore Urban, Karnataka, India",https://in.linkedin.com/jobs/view/business-analytics-trainee-at-izmo-ltd-3702304288?refId=L87gf78HgG83WSHk6Ar2rg%3D%3D&trackingId=lCHT7bVwfGUMvFiJUNkm0Q%3D%3D&position=9&pageNum=3&trk=public_jobs_jserp-result_search-card,Salary information is not available,Actively Hiring,2023-08-28,2023-10-22
ML Engineer - Junior,CapeStart,"Nagercoil, Tamil Nadu, India",https://in.linkedin.com/jobs/view/ml-engineer-junior-at-capestart-3743390935?refId=L87gf78HgG83WSHk6Ar2rg%3D%3D&trackingId=PwQKQFYj0ziCLdX5sdIc6g%3D%3D&position=10&pageNum=3&trk=public_jobs_jserp-result_search-card,Salary information is not available,Not updated,2023-10-19,2023-10-22
Financial Services and Insurance - Data Research Analyst,Forbes Advisor,"Mumbai, Maharashtra, India",https://in.linkedin.com/jobs/view/financial-services-and-insurance-data-research-analyst-at-forbes-advisor-3715491586?refId=L87gf78HgG83WSHk6Ar2rg%3D%3D&trackingId=oIceEL5rH6KAsOMAM99pVQ%3D%3D&position=11&pageNum=3&trk=public_jobs_jserp-result_search-card,Salary information is not available,Not updated,2023-10-04,2023-10-22
Junior ML Engineer,Qween Network LLP,"Bengaluru, Karnataka, India",https://in.linkedin.com/jobs/view/junior-ml-engineer-at-qween-network-llp-3689857743?refId=L87gf78HgG83WSHk6Ar2rg%3D%3D&trackingId=SA93J3tE8n7aRpGNThLFFQ%3D%3D&position=12&pageNum=3&trk=public_jobs_jserp-result_search-card,Salary information is not available,Actively Hiring,2023-07-18,2023-10-22
Apply__Artificial Intelligence Role,"Dubai Jobs, Gulf Jobs, Jobs in Dubai, Qatar, Kuwait - Boyen Haddin & The Giant HR Consultant","Mumbai, Maharashtra, India",https://in.linkedin.com/jobs/view/apply-artificial-intelligence-role-at-dubai-jobs-gulf-jobs-jobs-in-dubai-qatar-kuwait-boyen-haddin-the-giant-hr-consultant-3730134952?refId=L87gf78HgG83WSHk6Ar2rg%3D%3D&trackingId=dXeXviVzGm%2FCzGDjRmz8RA%3D%3D&position=13&pageNum=3&trk=public_jobs_jserp-result_search-card,Salary information is not available,Be an early applicant,2023-10-01,2023-10-22
Data Scientist,Roadzen,"Ahmedabad, Gujarat, India",https://in.linkedin.com/jobs/view/data-scientist-at-roadzen-3732554293?refId=L87gf78HgG83WSHk6Ar2rg%3D%3D&trackingId=6Z3F65NsRNV4IfZxtiWltQ%3D%3D&position=14&pageNum=3&trk=public_jobs_jserp-result_search-card,Salary information is not available,Not updated,2023-10-12,2023-10-22
Data Science,ESSENWARE PRIVATE LIMITED,"Chennai, Tamil Nadu, India",https://in.linkedin.com/jobs/view/data-science-at-essenware-private-limited-3646630768?refId=L87gf78HgG83WSHk6Ar2rg%3D%3D&trackingId=owTnl4sFCYPZ0La%2Bnsx%2F5w%3D%3D&position=15&pageNum=3&trk=public_jobs_jserp-result_search-card,Salary information is not available,Not updated,2023-06-28,2023-10-22
Data Scientist - Machine Learning,"Dubai Jobs, Gulf Jobs, Jobs in Dubai, Qatar, Kuwait - Boyen Haddin & The Giant HR Consultant",Pune/Pimpri-Chinchwad Area,https://in.linkedin.com/jobs/view/data-scientist-machine-learning-at-dubai-jobs-gulf-jobs-jobs-in-dubai-qatar-kuwait-boyen-haddin-the-giant-hr-consultant-3687046068?refId=L87gf78HgG83WSHk6Ar2rg%3D%3D&trackingId=8cow35yvAmCRuUxtEw5qSg%3D%3D&position=16&pageNum=3&trk=public_jobs_jserp-result_search-card,Salary information is not available,Not updated,2023-08-08,2023-10-22
Junior Data and Analytics Specialist,L.E.K. Consulting,"Mumbai, Maharashtra, India",https://in.linkedin.com/jobs/view/junior-data-and-analytics-specialist-at-l-e-k-consulting-3697172529?refId=L87gf78HgG83WSHk6Ar2rg%3D%3D&trackingId=D6aCmAcfH%2FC2Mr2FHk0fxQ%3D%3D&position=17&pageNum=3&trk=public_jobs_jserp-result_search-card,Salary information is not available,Actively Hiring,2023-08-22,2023-10-22
Senior Data Scientist (NLP),Hypersonix Inc.,India,https://in.linkedin.com/jobs/view/senior-data-scientist-nlp-at-hypersonix-inc-3737912696?refId=L87gf78HgG83WSHk6Ar2rg%3D%3D&trackingId=IFfYZ26V5VE2iWfMZu3wpQ%3D%3D&position=18&pageNum=3&trk=public_jobs_jserp-result_search-card,Salary information is not available,Not updated,2023-10-12,2023-10-22
Data Science Developer,NuStar Technologies,Greater Delhi Area,https://in.linkedin.com/jobs/view/data-science-developer-at-nustar-technologies-3679801383?refId=L87gf78HgG83WSHk6Ar2rg%3D%3D&trackingId=vSbLlYI6Hp1ckTbaOqj0pw%3D%3D&position=19&pageNum=3&trk=public_jobs_jserp-result_search-card,Salary information is not available,Actively Hiring,2023-08-01,2023-10-22
Data Scientist - NLP,Changeleaders.in,"Bangalore Urban, Karnataka, India",https://in.linkedin.com/jobs/view/data-scientist-nlp-at-changeleaders-in-3709947260?refId=L87gf78HgG83WSHk6Ar2rg%3D%3D&trackingId=Ar%2FTi6k9TMUAxSV2sU6PRw%3D%3D&position=20&pageNum=3&trk=public_jobs_jserp-result_search-card,Salary information is not available,Actively Hiring,2023-09-05,2023-10-22
Data Scientist AppleCare Digital,Apple,"Bengaluru, Karnataka, India",https://in.linkedin.com/jobs/view/data-scientist-applecare-digital-at-apple-3674069480?refId=L87gf78HgG83WSHk6Ar2rg%3D%3D&trackingId=PvDCihSqZZ7Iiv9hcG1HHw%3D%3D&position=21&pageNum=3&trk=public_jobs_jserp-result_search-card,Salary information is not available,Actively Hiring,2023-10-11,2023-10-22
Data Scientist,Acme Services,"Bengaluru, Karnataka, India",https://in.linkedin.com/jobs/view/data-scientist-at-acme-services-3667479606?refId=L87gf78HgG83WSHk6Ar2rg%3D%3D&trackingId=PktjlqjMg4SC%2B%2FYeo01w5w%3D%3D&position=22&pageNum=3&trk=public_jobs_jserp-result_search-card,Salary information is not available,Actively Hiring,2023-06-25,2023-10-22
Machine Learning Engineer,Flexiple,"Gurugram, Haryana, India",https://in.linkedin.com/jobs/view/machine-learning-engineer-at-flexiple-3739454825?refId=L87gf78HgG83WSHk6Ar2rg%3D%3D&trackingId=BUmKNXHM%2BsaeBvveoTnfEQ%3D%3D&position=23&pageNum=3&trk=public_jobs_jserp-result_search-card,Salary information is not available,Not updated,2023-10-19,2023-10-22
ML Scientist,Changeleaders.in,"Gurugram, Haryana, India",https://in.linkedin.com/jobs/view/ml-scientist-at-changeleaders-in-3634332207?refId=L87gf78HgG83WSHk6Ar2rg%3D%3D&trackingId=I1QUwoVvbszzD%2FFW5io8SQ%3D%3D&position=24&pageNum=3&trk=public_jobs_jserp-result_search-card,Salary information is not available,Actively Hiring,2023-06-14,2023-10-22
Data Science,NIRA,"Bengaluru North, Karnataka, India",https://in.linkedin.com/jobs/view/data-science-at-nira-3683694695?refId=L87gf78HgG83WSHk6Ar2rg%3D%3D&trackingId=srid%2BW%2BC67vwA5rC2mr5SQ%3D%3D&position=25&pageNum=3&trk=public_jobs_jserp-result_search-card,Salary information is not available,Actively Hiring,2023-07-13,2023-10-22
Data Scientist,Baxter International Inc.,"Bengaluru, Karnataka, India",https://in.linkedin.com/jobs/view/data-scientist-at-baxter-international-inc-3730419341?refId=jbYQS2ZQ%2FY8QOVcIr2TiNw%3D%3D&trackingId=UifBbBYrg9AtEsk9C3O2yQ%3D%3D&position=1&pageNum=4&trk=public_jobs_jserp-result_search-card,Salary information is not available,Actively Hiring,2023-10-12,2023-10-22
ParallelDots - Associate Data Scientist - Python/Numpy,ParallelDots,Greater Kolkata Area,https://in.linkedin.com/jobs/view/paralleldots-associate-data-scientist-python-numpy-at-paralleldots-3729090219?refId=jbYQS2ZQ%2FY8QOVcIr2TiNw%3D%3D&trackingId=xrln2QUGne%2BhLNuiRFdvFQ%3D%3D&position=2&pageNum=4&trk=public_jobs_jserp-result_search-card,Salary information is not available,Not updated,2023-10-05,2023-10-22
Data Scientist,Fusion Plus Solutions Inc,"Hyderabad, Telangana, India",https://in.linkedin.com/jobs/view/data-scientist-at-fusion-plus-solutions-inc-3715291382?refId=jbYQS2ZQ%2FY8QOVcIr2TiNw%3D%3D&trackingId=TeYjR9uNAc3WcwKr457BZA%3D%3D&position=3&pageNum=4&trk=public_jobs_jserp-result_search-card,Salary information is not available,Actively Hiring,2023-08-24,2023-10-22
Data Science Freshers,Myna Solutions,"Hyderabad, Telangana, India",https://in.linkedin.com/jobs/view/data-science-freshers-at-myna-solutions-3627619711?refId=jbYQS2ZQ%2FY8QOVcIr2TiNw%3D%3D&trackingId=B0SShhmaUQUe%2FjM8MfsmeA%3D%3D&position=4&pageNum=4&trk=public_jobs_jserp-result_search-card,"₹300,000-₹500,000",Not updated,2023-06-06,2023-10-22
Data Analytics Internship in Noida at NASSCOM,nasscom,"Noida, Uttar Pradesh, India",https://in.linkedin.com/jobs/view/data-analytics-internship-in-noida-at-nasscom-at-nasscom-3737565471?refId=jbYQS2ZQ%2FY8QOVcIr2TiNw%3D%3D&trackingId=q%2FHZ%2Btclp57X3a%2BzXtAEVw%3D%3D&position=5&pageNum=4&trk=public_jobs_jserp-result_search-card,Salary information is not available,Not updated,2023-10-11,2023-10-22
AI Researcher,Fusemachines,"Kochi, Kerala, India",https://in.linkedin.com/jobs/view/ai-researcher-at-fusemachines-3713155249?refId=jbYQS2ZQ%2FY8QOVcIr2TiNw%3D%3D&trackingId=V5crNHcHq8YjLVJu2t84Bg%3D%3D&position=6&pageNum=4&trk=public_jobs_jserp-result_search-card,Salary information is not available,Not updated,2023-09-05,2023-10-22
Analyst (International),Disney+ Hotstar,"Bengaluru, Karnataka, India",https://in.linkedin.com/jobs/view/analyst-international-at-disney%2B-hotstar-3736614069?refId=jbYQS2ZQ%2FY8QOVcIr2TiNw%3D%3D&trackingId=gaYT%2F3GG6sT0wZnhhMN%2FfQ%3D%3D&position=7&pageNum=4&trk=public_jobs_jserp-result_search-card,Salary information is not available,Actively Hiring,2023-10-12,2023-10-22
Data Scientist,Talent Socio,"Mumbai, Maharashtra, India",https://in.linkedin.com/jobs/view/data-scientist-at-talent-socio-3741873423?refId=jbYQS2ZQ%2FY8QOVcIr2TiNw%3D%3D&trackingId=RdfXErSpWaD%2FGra6FG5x4Q%3D%3D&position=8&pageNum=4&trk=public_jobs_jserp-result_search-card,Salary information is not available,Not updated,2023-10-18,2023-10-22
Data Scientist,BTOSC Infotech,"Pune, Maharashtra, India",https://in.linkedin.com/jobs/view/data-scientist-at-btosc-infotech-3692369777?refId=jbYQS2ZQ%2FY8QOVcIr2TiNw%3D%3D&trackingId=zFUTr%2FrPUGGe8j5MbM3PZg%3D%3D&position=9&pageNum=4&trk=public_jobs_jserp-result_search-card,"₹80,000-₹110,000",Not updated,2023-08-22,2023-10-22
Data Scientist - Remote (Gurugram),Aryng,"Gurugram, Haryana, India",https://in.linkedin.com/jobs/view/data-scientist-remote-gurugram-at-aryng-3744794066?refId=jbYQS2ZQ%2FY8QOVcIr2TiNw%3D%3D&trackingId=tdUEHBP9ZaFNm0kOdBG9bQ%3D%3D&position=10&pageNum=4&trk=public_jobs_jserp-result_search-card,Salary information is not available,Be an early applicant,2023-09-25,2023-10-22
Data Science Analyst,Citi,"Chennai, Tamil Nadu, India",https://in.linkedin.com/jobs/view/data-science-analyst-at-citi-3690657457?refId=jbYQS2ZQ%2FY8QOVcIr2TiNw%3D%3D&trackingId=5eL6JWufiSjHL3yAkSEy6A%3D%3D&position=11&pageNum=4&trk=public_jobs_jserp-result_search-card,Salary information is not available,Actively Hiring,2023-08-14,2023-10-22
Data Science Engineer 1,"Dubai Jobs, Gulf Jobs, Jobs in Dubai, Qatar, Kuwait - Boyen Haddin & The Giant HR Consultant","Bangalore Urban, Karnataka, India",https://in.linkedin.com/jobs/view/data-science-engineer-1-at-dubai-jobs-gulf-jobs-jobs-in-dubai-qatar-kuwait-boyen-haddin-the-giant-hr-consultant-3732898169?refId=jbYQS2ZQ%2FY8QOVcIr2TiNw%3D%3D&trackingId=fDuWy12NvbfEHCEHvQk2bg%3D%3D&position=12&pageNum=4&trk=public_jobs_jserp-result_search-card,Salary information is not available,Not updated,2023-10-05,2023-10-22
Data Scientist,Fusion Plus Solutions Inc,"Hyderabad, Telangana, India",https://in.linkedin.com/jobs/view/data-scientist-at-fusion-plus-solutions-inc-3719501112?refId=jbYQS2ZQ%2FY8QOVcIr2TiNw%3D%3D&trackingId=lF92JuEQzM7mBCdj812Djg%3D%3D&position=13&pageNum=4&trk=public_jobs_jserp-result_search-card,Salary information is not available,Actively Hiring,2023-08-26,2023-10-22
Data Scientist,IDESLABS PRIVATE LIMITED,"Bengaluru, Karnataka, India",https://in.linkedin.com/jobs/view/data-scientist-at-ideslabs-private-limited-3677422751?refId=jbYQS2ZQ%2FY8QOVcIr2TiNw%3D%3D&trackingId=b31Ks%2Bhm%2FhWYqsvtwkbcwA%3D%3D&position=14&pageNum=4&trk=public_jobs_jserp-result_search-card,Salary information is not available,Not updated,2023-07-28,2023-10-22
Analytics,"Dubai Jobs, Gulf Jobs, Jobs in Dubai, Qatar, Kuwait - Boyen Haddin & The Giant HR Consultant","Mumbai, Maharashtra, India",https://in.linkedin.com/jobs/view/analytics-at-dubai-jobs-gulf-jobs-jobs-in-dubai-qatar-kuwait-boyen-haddin-the-giant-hr-consultant-3702054529?refId=jbYQS2ZQ%2FY8QOVcIr2TiNw%3D%3D&trackingId=5Iu9Yl1BInps0EWQl4aU9g%3D%3D&position=15&pageNum=4&trk=public_jobs_jserp-result_search-card,Salary information is not available,Not updated,2023-08-27,2023-10-22
Data Scientist,RWS Group,"Bengaluru, Karnataka, India",https://in.linkedin.com/jobs/view/data-scientist-at-rws-group-3729715487?refId=jbYQS2ZQ%2FY8QOVcIr2TiNw%3D%3D&trackingId=OMonWgM0A%2BENO1DKS5DqvQ%3D%3D&position=16&pageNum=4&trk=public_jobs_jserp-result_search-card,Salary information is not available,Actively Hiring,2023-10-04,2023-10-22
Deep Learning Intern,Synth (YC S21),India,https://in.linkedin.com/jobs/view/deep-learning-intern-at-synth-yc-s21-3649827957?refId=jbYQS2ZQ%2FY8QOVcIr2TiNw%3D%3D&trackingId=zVTdTy6Z0YRIB1iN8S3k7w%3D%3D&position=17&pageNum=4&trk=public_jobs_jserp-result_search-card,Salary information is not available,Not updated,2023-07-01,2023-10-22
Data Scientist,Michelin,"Pune, Maharashtra, India",https://in.linkedin.com/jobs/view/data-scientist-at-michelin-3737887865?refId=jbYQS2ZQ%2FY8QOVcIr2TiNw%3D%3D&trackingId=40BayoilWkIFmvKXe5WqAQ%3D%3D&position=18&pageNum=4&trk=public_jobs_jserp-result_search-card,Salary information is not available,Actively Hiring,2023-10-13,2023-10-22
Data Entry Clerk / Full-time (Remote),Rise Bagel,India,https://in.linkedin.com/jobs/view/data-entry-clerk-full-time-remote-at-rise-bagel-3710548403?refId=jbYQS2ZQ%2FY8QOVcIr2TiNw%3D%3D&trackingId=R5oPONwLetPItFTGzUTFmw%3D%3D&position=19&pageNum=4&trk=public_jobs_jserp-result_search-card,Salary information is not available,Not updated,2023-09-11,2023-10-22
Data Science Intern,Letsintern.in,"Bengaluru, Karnataka, India",https://in.linkedin.com/jobs/view/data-science-intern-at-letsintern-in-3731370065?refId=jbYQS2ZQ%2FY8QOVcIr2TiNw%3D%3D&trackingId=KSQtQbdgQAQMbbEHxC9quw%3D%3D&position=20&pageNum=4&trk=public_jobs_jserp-result_search-card,Salary information is not available,Not updated,2023-10-02,2023-10-22
Machine Learning Engineer,Tamcherry - Zaportiv,"Kochi, Kerala, India",https://in.linkedin.com/jobs/view/machine-learning-engineer-at-tamcherry-zaportiv-3629990413?refId=jbYQS2ZQ%2FY8QOVcIr2TiNw%3D%3D&trackingId=UfZs1iuqrtXogfxjbIwkpQ%3D%3D&position=21&pageNum=4&trk=public_jobs_jserp-result_search-card,Salary information is not available,Actively Hiring,2023-06-09,2023-10-22
Machine Learning Engineer,"Dubai Jobs, Gulf Jobs, Jobs in Dubai, Qatar, Kuwait - Boyen Haddin & The Giant HR Consultant","Noida, Uttar Pradesh, India",https://in.linkedin.com/jobs/view/machine-learning-engineer-at-dubai-jobs-gulf-jobs-jobs-in-dubai-qatar-kuwait-boyen-haddin-the-giant-hr-consultant-3736006335?refId=jbYQS2ZQ%2FY8QOVcIr2TiNw%3D%3D&trackingId=RcUhlANkeUEWqLYgxRUikA%3D%3D&position=22&pageNum=4&trk=public_jobs_jserp-result_search-card,Salary information is not available,Not updated,2023-10-11,2023-10-22
Interesting Job Opportunity: Data Scientist - Python/SQL,SkillGigs.com,Greater Kolkata Area,https://in.linkedin.com/jobs/view/interesting-job-opportunity-data-scientist-python-sql-at-skillgigs-com-3688416248?refId=jbYQS2ZQ%2FY8QOVcIr2TiNw%3D%3D&trackingId=p8lfjBj3%2FBmZ%2BBI%2F6GbZ1w%3D%3D&position=23&pageNum=4&trk=public_jobs_jserp-result_search-card,Salary information is not available,Actively Hiring,2023-08-15,2023-10-22
Power BI Data Analytics & Data Scientist,"Dubai Jobs, Gulf Jobs, Jobs in Dubai, Qatar, Kuwait - Boyen Haddin & The Giant HR Consultant","Bangalore Urban, Karnataka, India",https://in.linkedin.com/jobs/view/power-bi-data-analytics-data-scientist-at-dubai-jobs-gulf-jobs-jobs-in-dubai-qatar-kuwait-boyen-haddin-the-giant-hr-consultant-3732894756?refId=jbYQS2ZQ%2FY8QOVcIr2TiNw%3D%3D&trackingId=zUFjX%2F6HLAVdFXKr8w6UAg%3D%3D&position=24&pageNum=4&trk=public_jobs_jserp-result_search-card,Salary information is not available,Not updated,2023-10-05,2023-10-22
Data Science Engineer 1,"Dubai Jobs, Gulf Jobs, Jobs in Dubai, Qatar, Kuwait - Boyen Haddin & The Giant HR Consultant",Mumbai Metropolitan Region,https://in.linkedin.com/jobs/view/data-science-engineer-1-at-dubai-jobs-gulf-jobs-jobs-in-dubai-qatar-kuwait-boyen-haddin-the-giant-hr-consultant-3702044919?refId=jbYQS2ZQ%2FY8QOVcIr2TiNw%3D%3D&trackingId=1Yy9OiJaKTDZJCSHNaQxQw%3D%3D&position=25&pageNum=4&trk=public_jobs_jserp-result_search-card,Salary information is not available,Not updated,2023-08-27,2023-10-22
Apply__ Artificial Intelligence Profile,"Dubai Jobs, Gulf Jobs, Jobs in Dubai, Qatar, Kuwait - Boyen Haddin & The Giant HR Consultant","Mumbai, Maharashtra, India",https://in.linkedin.com/jobs/view/apply-artificial-intelligence-profile-at-dubai-jobs-gulf-jobs-jobs-in-dubai-qatar-kuwait-boyen-haddin-the-giant-hr-consultant-3730134990?refId=7x5SI1o%2By41tLuzBiNFkMw%3D%3D&trackingId=GN5Bu%2F3WwL%2BXCpopF7Ed1w%3D%3D&position=1&pageNum=5&trk=public_jobs_jserp-result_search-card,Salary information is not available,Not updated,2023-10-01,2023-10-22
Data Science work from home job/internship at Blackcoffer,Blackcoffer,India,https://in.linkedin.com/jobs/view/data-science-work-from-home-job-internship-at-blackcoffer-at-blackcoffer-3744406127?refId=7x5SI1o%2By41tLuzBiNFkMw%3D%3D&trackingId=cFQ4FzdrBiLh5EXeeJn3Uw%3D%3D&position=2&pageNum=5&trk=public_jobs_jserp-result_search-card,Salary information is not available,Not updated,2023-10-19,2023-10-22
Data Science work from home job/internship at WN Infotech,WN Infotech,India,https://in.linkedin.com/jobs/view/data-science-work-from-home-job-internship-at-wn-infotech-at-wn-infotech-3737568445?refId=7x5SI1o%2By41tLuzBiNFkMw%3D%3D&trackingId=FYqP9sdNYbmYkm6XA%2FvcXg%3D%3D&position=3&pageNum=5&trk=public_jobs_jserp-result_search-card,Salary information is not available,Actively Hiring,2023-10-11,2023-10-22
Machine Learning Engineer,NeuralSpace,"Bengaluru, Karnataka, India",https://in.linkedin.com/jobs/view/machine-learning-engineer-at-neuralspace-3683745149?refId=7x5SI1o%2By41tLuzBiNFkMw%3D%3D&trackingId=UBv0zHrUej3dfzpGwBMo7A%3D%3D&position=4&pageNum=5&trk=public_jobs_jserp-result_search-card,Salary information is not available,Not updated,2023-08-03,2023-10-22
Data Analyst,IntouchCX,"Hyderabad, Telangana, India",https://in.linkedin.com/jobs/view/data-analyst-at-intouchcx-3735369683?refId=7x5SI1o%2By41tLuzBiNFkMw%3D%3D&trackingId=SLoJwd20sCGGv7W2asTrNA%3D%3D&position=5&pageNum=5&trk=public_jobs_jserp-result_search-card,Salary information is not available,Not updated,2023-10-10,2023-10-22
SMB Data Research Analyst,Forbes Advisor,"Chennai, Tamil Nadu, India",https://in.linkedin.com/jobs/view/smb-data-research-analyst-at-forbes-advisor-3687041708?refId=7x5SI1o%2By41tLuzBiNFkMw%3D%3D&trackingId=HVGHxMRMvFDLu4CiP3rWCA%3D%3D&position=6&pageNum=5&trk=public_jobs_jserp-result_search-card,Salary information is not available,Not updated,2023-10-11,2023-10-22
ML Automation Engineer,PubMatic,"Pune, Maharashtra, India",https://in.linkedin.com/jobs/view/ml-automation-engineer-at-pubmatic-3715294409?refId=7x5SI1o%2By41tLuzBiNFkMw%3D%3D&trackingId=W4jt2aqYvIuQkkOmZfHmjw%3D%3D&position=7&pageNum=5&trk=public_jobs_jserp-result_search-card,Salary information is not available,Actively Hiring,2023-10-16,2023-10-22
Product Analyst (Immediate joiner preferred),Anchanto,"Pune, Maharashtra, India",https://in.linkedin.com/jobs/view/product-analyst-immediate-joiner-preferred-at-anchanto-3742004998?refId=7x5SI1o%2By41tLuzBiNFkMw%3D%3D&trackingId=GuzNq9FpQIDLp2W9ZN5KJQ%3D%3D&position=8&pageNum=5&trk=public_jobs_jserp-result_search-card,Salary information is not available,Not updated,2023-10-18,2023-10-22
Clinical Data Scientist,CIEL HR,"Faridabad, Haryana, India",https://in.linkedin.com/jobs/view/clinical-data-scientist-at-ciel-hr-3667474623?refId=7x5SI1o%2By41tLuzBiNFkMw%3D%3D&trackingId=JwuJdTFoOM%2BSzRquLCDXdA%3D%3D&position=9&pageNum=5&trk=public_jobs_jserp-result_search-card,Salary information is not available,Actively Hiring,2023-06-25,2023-10-22
Business Analyst (Data Science),Freecharge,"Mumbai, Maharashtra, India",https://in.linkedin.com/jobs/view/business-analyst-data-science-at-freecharge-3729391522?refId=7x5SI1o%2By41tLuzBiNFkMw%3D%3D&trackingId=lxNOZxWPHtGvQCJw2%2FmNoQ%3D%3D&position=10&pageNum=5&trk=public_jobs_jserp-result_search-card,Salary information is not available,Not updated,2023-10-06,2023-10-22
"ML Scientist - Operations Business Process Reengineering, Advanced Analytics",Apple,"Bengaluru, Karnataka, India",https://in.linkedin.com/jobs/view/ml-scientist-operations-business-process-reengineering-advanced-analytics-at-apple-3729097185?refId=7x5SI1o%2By41tLuzBiNFkMw%3D%3D&trackingId=b8Ms2KFOI0%2F5XG82txlb%2Bw%3D%3D&position=11&pageNum=5&trk=public_jobs_jserp-result_search-card,Salary information is not available,Actively Hiring,2023-10-11,2023-10-22
Jr. Ai Engineer - Internship,OpeninApp,"Bengaluru, Karnataka, India",https://in.linkedin.com/jobs/view/jr-ai-engineer-internship-at-openinapp-3720990280?refId=7x5SI1o%2By41tLuzBiNFkMw%3D%3D&trackingId=YtAPQ8tBOXcyxuxiPsFKcA%3D%3D&position=12&pageNum=5&trk=public_jobs_jserp-result_search-card,Salary information is not available,Not updated,2023-09-14,2023-10-22
Data Scientist,Deutsche Bank,"Mumbai, Maharashtra, India",https://in.linkedin.com/jobs/view/data-scientist-at-deutsche-bank-3682751089?refId=7x5SI1o%2By41tLuzBiNFkMw%3D%3D&trackingId=nKtTUfyP745p817CFE%2FQwQ%3D%3D&position=13&pageNum=5&trk=public_jobs_jserp-result_search-card,Salary information is not available,Actively Hiring,2023-09-05,2023-10-22
Business Analyst,"Dubai Jobs, Gulf Jobs, Jobs in Dubai, Qatar, Kuwait - Boyen Haddin & The Giant HR Consultant",Mumbai Metropolitan Region,https://in.linkedin.com/jobs/view/business-analyst-at-dubai-jobs-gulf-jobs-jobs-in-dubai-qatar-kuwait-boyen-haddin-the-giant-hr-consultant-3687649118?refId=7x5SI1o%2By41tLuzBiNFkMw%3D%3D&trackingId=ZI72SStJ%2BZJm4wMLhu5pRg%3D%3D&position=14&pageNum=5&trk=public_jobs_jserp-result_search-card,Salary information is not available,Not updated,2023-08-09,2023-10-22
AI/ML Developer,Databricks,"Bengaluru, Karnataka, India",https://in.linkedin.com/jobs/view/ai-ml-developer-at-databricks-3742701861?refId=7x5SI1o%2By41tLuzBiNFkMw%3D%3D&trackingId=El409Zc1in9zozkuzkU1FA%3D%3D&position=15&pageNum=5&trk=public_jobs_jserp-result_search-card,Salary information is not available,Actively Hiring,2023-10-18,2023-10-22
Data Analyst,India Innovation Week,"Chennai, Tamil Nadu, India",https://in.linkedin.com/jobs/view/data-analyst-at-india-innovation-week-3733222252?refId=7x5SI1o%2By41tLuzBiNFkMw%3D%3D&trackingId=UtIv5KubYRMzfBNf6M9oqA%3D%3D&position=16&pageNum=5&trk=public_jobs_jserp-result_search-card,Salary information is not available,Not updated,2023-10-05,2023-10-22
Data Scientist,Sybex Support Services,"Bangalore Urban, Karnataka, India",https://in.linkedin.com/jobs/view/data-scientist-at-sybex-support-services-3741824928?refId=7x5SI1o%2By41tLuzBiNFkMw%3D%3D&trackingId=iATZvGI4h42hsyG6cLM6NA%3D%3D&position=17&pageNum=5&trk=public_jobs_jserp-result_search-card,Salary information is not available,Actively Hiring,2023-10-18,2023-10-22
ML Engineer,dailyhunt,"Bengaluru, Karnataka, India",https://in.linkedin.com/jobs/view/ml-engineer-at-dailyhunt-3734987675?refId=7x5SI1o%2By41tLuzBiNFkMw%3D%3D&trackingId=HziXfF69P8zBP74bh6cDWw%3D%3D&position=18&pageNum=5&trk=public_jobs_jserp-result_search-card,Salary information is not available,Be an early applicant,2023-09-19,2023-10-22
Deep learning with JAX (Must) (NP 30 days below profiles will considered),Tech Mahindra,"Hyderabad, Telangana, India",https://in.linkedin.com/jobs/view/deep-learning-with-jax-must-np-30-days-below-profiles-will-considered-at-tech-mahindra-3729375051?refId=7x5SI1o%2By41tLuzBiNFkMw%3D%3D&trackingId=xvhrcfelK5aEQ9vtPMZkPQ%3D%3D&position=19&pageNum=5&trk=public_jobs_jserp-result_search-card,Salary information is not available,Actively Hiring,2023-10-06,2023-10-22
Power BI Data Analytics & Data Scientist,"Dubai Jobs, Gulf Jobs, Jobs in Dubai, Qatar, Kuwait - Boyen Haddin & The Giant HR Consultant",Mumbai Metropolitan Region,https://in.linkedin.com/jobs/view/power-bi-data-analytics-data-scientist-at-dubai-jobs-gulf-jobs-jobs-in-dubai-qatar-kuwait-boyen-haddin-the-giant-hr-consultant-3702049518?refId=7x5SI1o%2By41tLuzBiNFkMw%3D%3D&trackingId=OBMedBvo9ITGyjV1rBoPjQ%3D%3D&position=20&pageNum=5&trk=public_jobs_jserp-result_search-card,Salary information is not available,Not updated,2023-08-27,2023-10-22
Data Analytics Internship in Mumbai at Beco,Beco,"Mumbai, Maharashtra, India",https://in.linkedin.com/jobs/view/data-analytics-internship-in-mumbai-at-beco-at-beco-3738630426?refId=7x5SI1o%2By41tLuzBiNFkMw%3D%3D&trackingId=hm7iPyPthU6faf%2Bm4gyFaQ%3D%3D&position=21&pageNum=5&trk=public_jobs_jserp-result_search-card,Salary information is not available,Actively Hiring,2023-10-13,2023-10-22
Data Scientist,Woundtech,"Hyderabad, Telangana, India",https://in.linkedin.com/jobs/view/data-scientist-at-woundtech-3729495606?refId=7x5SI1o%2By41tLuzBiNFkMw%3D%3D&trackingId=m8U%2FNTq6GfnAiMDDwY58cA%3D%3D&position=22&pageNum=5&trk=public_jobs_jserp-result_search-card,Salary information is not available,Not updated,2023-09-28,2023-10-22
Data Scientist - Machine Learning,"Dubai Jobs, Gulf Jobs, Jobs in Dubai, Qatar, Kuwait - Boyen Haddin & The Giant HR Consultant","Bangalore Urban, Karnataka, India",https://in.linkedin.com/jobs/view/data-scientist-machine-learning-at-dubai-jobs-gulf-jobs-jobs-in-dubai-qatar-kuwait-boyen-haddin-the-giant-hr-consultant-3735025180?refId=7x5SI1o%2By41tLuzBiNFkMw%3D%3D&trackingId=fMymfP8uLTx6SaRPLVxFUA%3D%3D&position=23&pageNum=5&trk=public_jobs_jserp-result_search-card,Salary information is not available,Not updated,2023-10-10,2023-10-22
Data Scientist Level_1,Michelin,"Pune, Maharashtra, India",https://in.linkedin.com/jobs/view/data-scientist-level-1-at-michelin-3715499721?refId=7x5SI1o%2By41tLuzBiNFkMw%3D%3D&trackingId=r4YtEujxVtMiinpKFoBxnA%3D%3D&position=24&pageNum=5&trk=public_jobs_jserp-result_search-card,Salary information is not available,Actively Hiring,2023-09-13,2023-10-22
Business Analyst - Data Science,PayU,"Bengaluru, Karnataka, India",https://in.linkedin.com/jobs/view/business-analyst-data-science-at-payu-3686201466?refId=7x5SI1o%2By41tLuzBiNFkMw%3D%3D&trackingId=IgkUNcwFtrdNggBraT6ACA%3D%3D&position=25&pageNum=5&trk=public_jobs_jserp-result_search-card,Salary information is not available,Actively Hiring,2023-07-10,2023-10-22
Data Scientist,Discover Dollar Inc,"Bengaluru East, Karnataka, India",https://in.linkedin.com/jobs/view/data-scientist-at-discover-dollar-inc-3736980002?refId=kocv75Ut5uZCMePFoySxiw%3D%3D&trackingId=9Axxql8v2L%2Fd1Fu6nUwlEw%3D%3D&position=1&pageNum=6&trk=public_jobs_jserp-result_search-card,Salary information is not available,Not updated,2023-10-10,2023-10-22
Data Analyst,VerSe Innovation,"Bengaluru, Karnataka, India",https://in.linkedin.com/jobs/view/data-analyst-at-verse-innovation-3730569551?refId=kocv75Ut5uZCMePFoySxiw%3D%3D&trackingId=cGpP5p%2FI6MKuQJrXy3Z0qw%3D%3D&position=2&pageNum=6&trk=public_jobs_jserp-result_search-card,Salary information is not available,Actively Hiring,2023-10-07,2023-10-22
Data Analyst,Tamcherry - Zaportiv,"Chennai, Tamil Nadu, India",https://in.linkedin.com/jobs/view/data-analyst-at-tamcherry-zaportiv-3714442930?refId=kocv75Ut5uZCMePFoySxiw%3D%3D&trackingId=dVt3Rf6%2FKWMejNq2BnDPwg%3D%3D&position=3&pageNum=6&trk=public_jobs_jserp-result_search-card,Salary information is not available,Actively Hiring,2023-09-12,2023-10-22
Data Scientist,"Bolster, Inc","Noida, Uttar Pradesh, India",https://in.linkedin.com/jobs/view/data-scientist-at-bolster-inc-3738857625?refId=kocv75Ut5uZCMePFoySxiw%3D%3D&trackingId=k0elpIjP8SFVank5Wl8EsA%3D%3D&position=4&pageNum=6&trk=public_jobs_jserp-result_search-card,Salary information is not available,Not updated,2023-10-18,2023-10-22
Senior data scientist,NuStar Technologies,"Bengaluru, Karnataka, India",https://in.linkedin.com/jobs/view/senior-data-scientist-at-nustar-technologies-3727995070?refId=kocv75Ut5uZCMePFoySxiw%3D%3D&trackingId=Xf2eS1d0MtoxV%2BJUhAB1mQ%3D%3D&position=5&pageNum=6&trk=public_jobs_jserp-result_search-card,Salary information is not available,Actively Hiring,2023-09-28,2023-10-22
Data Analyst – Supply Chain- JR22018030,"Dubai Jobs, Gulf Jobs, Jobs in Dubai, Qatar, Kuwait - Boyen Haddin & The Giant HR Consultant",Pune/Pimpri-Chinchwad Area,https://in.linkedin.com/jobs/view/data-analyst-%E2%80%93-supply-chain-jr22018030-at-dubai-jobs-gulf-jobs-jobs-in-dubai-qatar-kuwait-boyen-haddin-the-giant-hr-consultant-3702055343?refId=kocv75Ut5uZCMePFoySxiw%3D%3D&trackingId=3p0GR6et7pkzNzQAs3tx0Q%3D%3D&position=6&pageNum=6&trk=public_jobs_jserp-result_search-card,Salary information is not available,Not updated,2023-08-27,2023-10-22
Data Scientist - Spark/Python/Redshift,"Dubai Jobs, Gulf Jobs, Jobs in Dubai, Qatar, Kuwait - Boyen Haddin & The Giant HR Consultant",Mumbai Metropolitan Region,https://in.linkedin.com/jobs/view/data-scientist-spark-python-redshift-at-dubai-jobs-gulf-jobs-jobs-in-dubai-qatar-kuwait-boyen-haddin-the-giant-hr-consultant-3687654222?refId=kocv75Ut5uZCMePFoySxiw%3D%3D&trackingId=7eXSq6eRGBuHLXJ7G1CJEg%3D%3D&position=7&pageNum=6&trk=public_jobs_jserp-result_search-card,Salary information is not available,Not updated,2023-08-09,2023-10-22
Data Scientist - Spark/Python/Redshift,"Dubai Jobs, Gulf Jobs, Jobs in Dubai, Qatar, Kuwait - Boyen Haddin & The Giant HR Consultant","Bangalore Urban, Karnataka, India",https://in.linkedin.com/jobs/view/data-scientist-spark-python-redshift-at-dubai-jobs-gulf-jobs-jobs-in-dubai-qatar-kuwait-boyen-haddin-the-giant-hr-consultant-3734014862?refId=kocv75Ut5uZCMePFoySxiw%3D%3D&trackingId=eWzGJ5sJHF6RJYRjXIXDdg%3D%3D&position=8&pageNum=6&trk=public_jobs_jserp-result_search-card,Salary information is not available,Not updated,2023-10-07,2023-10-22
ML Engineer,ESSENWARE PRIVATE LIMITED,"Hyderabad, Telangana, India",https://in.linkedin.com/jobs/view/ml-engineer-at-essenware-private-limited-3695973497?refId=kocv75Ut5uZCMePFoySxiw%3D%3D&trackingId=4IGf4c6etIY4XzPHiYxHHw%3D%3D&position=9&pageNum=6&trk=public_jobs_jserp-result_search-card,Salary information is not available,Not updated,2023-08-21,2023-10-22
Data Scientist,K{r}eeda Labs,"Pune, Maharashtra, India",https://in.linkedin.com/jobs/view/data-scientist-at-k-r-eeda-labs-3742503530?refId=kocv75Ut5uZCMePFoySxiw%3D%3D&trackingId=y7MK8pw4jsTJFiC1dZB53Q%3D%3D&position=10&pageNum=6&trk=public_jobs_jserp-result_search-card,Salary information is not available,Actively Hiring,2023-10-21,2023-10-22
Full-time / Data Entry Clerk (Remote),Rise Bagel,India,https://in.linkedin.com/jobs/view/full-time-data-entry-clerk-remote-at-rise-bagel-3710544943?refId=kocv75Ut5uZCMePFoySxiw%3D%3D&trackingId=DwLpT1D5maNQ9Phvs9%2F%2Faw%3D%3D&position=11&pageNum=6&trk=public_jobs_jserp-result_search-card,Salary information is not available,Not updated,2023-09-11,2023-10-22
Business Analyst - Data Science,PayU,"Bengaluru, Karnataka, India",https://in.linkedin.com/jobs/view/business-analyst-data-science-at-payu-3646065735?refId=kocv75Ut5uZCMePFoySxiw%3D%3D&trackingId=fC3pwWt1sdKJnvoG4lDsHw%3D%3D&position=12&pageNum=6&trk=public_jobs_jserp-result_search-card,Salary information is not available,Actively Hiring,2023-06-01,2023-10-22
Lead Data Scientist,Freshworks,"Chennai, Tamil Nadu, India",https://in.linkedin.com/jobs/view/lead-data-scientist-at-freshworks-3733679106?refId=kocv75Ut5uZCMePFoySxiw%3D%3D&trackingId=8Ebmgz6x%2FUDIk2X2RO7omg%3D%3D&position=13&pageNum=6&trk=public_jobs_jserp-result_search-card,Salary information is not available,Actively Hiring,2023-10-05,2023-10-22
Marketing Science Analyst,Transmission,"Delhi, India",https://in.linkedin.com/jobs/view/marketing-science-analyst-at-transmission-3728099183?refId=kocv75Ut5uZCMePFoySxiw%3D%3D&trackingId=KIp3s3iz%2F81nLaNCTPN74w%3D%3D&position=14&pageNum=6&trk=public_jobs_jserp-result_search-card,Salary information is not available,Actively Hiring,2023-10-04,2023-10-22
Power BI Data Analytics & Data Scientist -JR 23011672,"Dubai Jobs, Gulf Jobs, Jobs in Dubai, Qatar, Kuwait - Boyen Haddin & The Giant HR Consultant","Mumbai, Maharashtra, India",https://in.linkedin.com/jobs/view/power-bi-data-analytics-data-scientist-jr-23011672-at-dubai-jobs-gulf-jobs-jobs-in-dubai-qatar-kuwait-boyen-haddin-the-giant-hr-consultant-3702055345?refId=kocv75Ut5uZCMePFoySxiw%3D%3D&trackingId=7yeBLoczcirKGN%2Bj44Chdw%3D%3D&position=15&pageNum=6&trk=public_jobs_jserp-result_search-card,Salary information is not available,Not updated,2023-08-27,2023-10-22
AI Developer,"Dubai Jobs, Gulf Jobs, Jobs in Dubai, Qatar, Kuwait - Boyen Haddin & The Giant HR Consultant","Hyderabad, Telangana, India",https://in.linkedin.com/jobs/view/ai-developer-at-dubai-jobs-gulf-jobs-jobs-in-dubai-qatar-kuwait-boyen-haddin-the-giant-hr-consultant-3704553136?refId=kocv75Ut5uZCMePFoySxiw%3D%3D&trackingId=zjfJYzc%2Fo3GVFUk7ZQ3bzA%3D%3D&position=16&pageNum=6&trk=public_jobs_jserp-result_search-card,Salary information is not available,Not updated,2023-08-30,2023-10-22
Lead Data Scientist,Dimensions HRD Consultants,"Mumbai, Maharashtra, India",https://in.linkedin.com/jobs/view/lead-data-scientist-at-dimensions-hrd-consultants-3700202743?refId=kocv75Ut5uZCMePFoySxiw%3D%3D&trackingId=LB4Zx3JnUvW3JDXFDIqUGg%3D%3D&position=17&pageNum=6&trk=public_jobs_jserp-result_search-card,Salary information is not available,Actively Hiring,2023-08-25,2023-10-22
HealthPlix - Junior Data Scientist - Data Visualization Tools,HealthPlix,"Bengaluru, Karnataka, India",https://in.linkedin.com/jobs/view/healthplix-junior-data-scientist-data-visualization-tools-at-healthplix-3722419473?refId=kocv75Ut5uZCMePFoySxiw%3D%3D&trackingId=xlE1Sx9RrBvLPaox9WeirQ%3D%3D&position=18&pageNum=6&trk=public_jobs_jserp-result_search-card,Salary information is not available,Actively Hiring,2023-09-23,2023-10-22
AI/ML Engineer,Cybrain Software Solutions Pvt.Ltd,"Sahibzada Ajit Singh Nagar, Punjab, India",https://in.linkedin.com/jobs/view/ai-ml-engineer-at-cybrain-software-solutions-pvt-ltd-3714219561?refId=kocv75Ut5uZCMePFoySxiw%3D%3D&trackingId=675qcs7lhECDyhNcu2C%2BSQ%3D%3D&position=19&pageNum=6&trk=public_jobs_jserp-result_search-card,Salary information is not available,Actively Hiring,2023-09-07,2023-10-22
Data Testing,LTIMindtree,"Pune, Maharashtra, India",https://in.linkedin.com/jobs/view/data-testing-at-ltimindtree-3742511744?refId=kocv75Ut5uZCMePFoySxiw%3D%3D&trackingId=J%2BM%2F2f5%2BGqqcbbAtng8fbg%3D%3D&position=20&pageNum=6&trk=public_jobs_jserp-result_search-card,Salary information is not available,Actively Hiring,2023-10-19,2023-10-22
AI/ML Architect,Cortex Consultants LLC,"Chennai, Tamil Nadu, India",https://in.linkedin.com/jobs/view/ai-ml-architect-at-cortex-consultants-llc-3633344253?refId=kocv75Ut5uZCMePFoySxiw%3D%3D&trackingId=XeqX6YydTdxb3AlrhaGW0Q%3D%3D&position=21&pageNum=6&trk=public_jobs_jserp-result_search-card,Salary information is not available,Actively Hiring,2023-06-13,2023-10-22
Data Scientist,Econolytics,"Delhi, India",https://in.linkedin.com/jobs/view/data-scientist-at-econolytics-3739046518?refId=kocv75Ut5uZCMePFoySxiw%3D%3D&trackingId=ydgpBrKkQlUvycFxSumZIQ%3D%3D&position=22&pageNum=6&trk=public_jobs_jserp-result_search-card,"₹1,800,000-₹2,400,000",Be an early applicant,2023-09-19,2023-10-22
Data Scientist,Ogive Technology,"Hyderabad, Telangana, India",https://in.linkedin.com/jobs/view/data-scientist-at-ogive-technology-3627619599?refId=kocv75Ut5uZCMePFoySxiw%3D%3D&trackingId=eiNKSspplmSMsoLqWQu8Yg%3D%3D&position=23&pageNum=6&trk=public_jobs_jserp-result_search-card,"₹400,000-₹600,000",Not updated,2023-06-06,2023-10-22
Business Analyst,"Dubai Jobs, Gulf Jobs, Jobs in Dubai, Qatar, Kuwait - Boyen Haddin & The Giant HR Consultant",Mumbai Metropolitan Region,https://in.linkedin.com/jobs/view/business-analyst-at-dubai-jobs-gulf-jobs-jobs-in-dubai-qatar-kuwait-boyen-haddin-the-giant-hr-consultant-3687644917?refId=kocv75Ut5uZCMePFoySxiw%3D%3D&trackingId=vfvSwn7%2Ffv10ADNS9qzn4A%3D%3D&position=24&pageNum=6&trk=public_jobs_jserp-result_search-card,Salary information is not available,Not updated,2023-08-09,2023-10-22
Artificial Intelligence,Inspiration Manpower Consultancy Pvt Ltd.,"Chennai, Tamil Nadu, India",https://in.linkedin.com/jobs/view/artificial-intelligence-at-inspiration-manpower-consultancy-pvt-ltd-3716085091?refId=kocv75Ut5uZCMePFoySxiw%3D%3D&trackingId=FzpvXmH18%2Bf2QzFSQ%2F%2Fo9A%3D%3D&position=25&pageNum=6&trk=public_jobs_jserp-result_search-card,Salary information is not available,Not updated,2023-09-14,2023-10-22
